{
  "rows": [
    {
      "accuracy": 0.8260869565217391,
      "balanced_accuracy": 0.5,
      "brier_score": 0.14741726538040248,
      "calibration_error": 0.061236987140232735,
      "f1": 0.9047619047619048,
      "log_loss": 0.47844831320833875,
      "model_family": "baseline_prevalence",
      "model_type": "baseline",
      "pr_auc": 0.8260869565217391,
      "pr_auc_lift_over_prevalence": 0.0,
      "precision": 0.8260869565217391,
      "recall": 1.0,
      "roc_auc": 0.5,
      "selected_calibration": "not_applicable",
      "selected_threshold": 0.1,
      "specificity": 0.0,
      "weighted_cost": 4.0
    },
    {
      "accuracy": 0.8260869565217391,
      "balanced_accuracy": 0.5,
      "brier_score": 0.1739126956531739,
      "calibration_error": 0.17391204347826061,
      "f1": 0.9047619047619048,
      "log_loss": 2.402698314423982,
      "model_family": "baseline_majority_class",
      "model_type": "baseline",
      "pr_auc": 0.8260869565217391,
      "pr_auc_lift_over_prevalence": 0.0,
      "precision": 0.8260869565217391,
      "recall": 1.0,
      "roc_auc": 0.5,
      "selected_calibration": "not_applicable",
      "selected_threshold": 0.1,
      "specificity": 0.0,
      "weighted_cost": 4.0
    },
    {
      "accuracy": 0.8260869565217391,
      "balanced_accuracy": 0.6973684210526316,
      "brier_score": 0.11590651866533448,
      "calibration_error": 0.015580984697367389,
      "candidate_identifier": "CAND-52A549C43FF82D08",
      "explainability_level": "high",
      "f1": 0.8947368421052632,
      "log_loss": 0.35197431411588104,
      "model_complexity": "logistic_regression",
      "model_family": "logistic_regression",
      "model_type": "candidate",
      "pr_auc": 0.9709059309218886,
      "pr_auc_lift_over_prevalence": 0.14481897440014946,
      "precision": 0.8947368421052632,
      "recall": 0.8947368421052632,
      "roc_auc": 0.8552631578947368,
      "runtime_seconds": 0.004644,
      "selected_calibration": "sigmoid",
      "selected_threshold": 0.55,
      "specificity": 0.5,
      "weighted_cost": 12.0
    },
    {
      "accuracy": 0.8260869565217391,
      "balanced_accuracy": 0.5,
      "brier_score": 0.14322899902284922,
      "calibration_error": 2.6619080913947712e-06,
      "candidate_identifier": "CAND-22810BAD2859A9DB",
      "explainability_level": "medium",
      "f1": 0.9047619047619048,
      "log_loss": 0.46063187991069965,
      "model_complexity": "random_forest",
      "model_family": "random_forest",
      "model_type": "candidate",
      "pr_auc": 0.8646382489270603,
      "pr_auc_lift_over_prevalence": 0.03855129240532118,
      "precision": 0.8260869565217391,
      "recall": 1.0,
      "roc_auc": 0.5657894736842105,
      "runtime_seconds": 0.231304,
      "selected_calibration": "sigmoid",
      "selected_threshold": 0.1,
      "specificity": 0.0,
      "weighted_cost": 4.0
    },
    {
      "accuracy": 0.8695652173913043,
      "balanced_accuracy": 0.9210526315789473,
      "brier_score": 0.10211204842317363,
      "calibration_error": 0.1373304379515393,
      "candidate_identifier": "CAND-85EA9202CAD6FE7F",
      "explainability_level": "medium",
      "f1": 0.9142857142857143,
      "log_loss": 0.32244523546599735,
      "model_complexity": "xgboost",
      "model_family": "xgboost",
      "model_type": "candidate",
      "pr_auc": 0.9833278849297151,
      "pr_auc_lift_over_prevalence": 0.157240928407976,
      "precision": 1.0,
      "recall": 0.8421052631578947,
      "roc_auc": 0.9078947368421052,
      "runtime_seconds": 0.033085,
      "selected_calibration": "sigmoid",
      "selected_threshold": 0.75,
      "specificity": 1.0,
      "weighted_cost": 15.0
    }
  ],
  "selection_dataset": "validation",
  "selection_rule": "validation-only deterministic candidate and threshold selection",
  "test_set_used_for_selection": false
}
